{
  "project_info": {
    "project_number": "126880253411",
    "firebase_url": "https://nfcapp-296008.firebaseio.com",
    "project_id": "nfcapp-296008",
    "storage_bucket": "nfcapp-296008.appspot.com"
  },
  "client": [
    {
      "client_info": {
        "mobilesdk_app_id": "1:126880253411:android:3a0267f619d2d08f2c0cd6",
        "android_client_info": {
          "package_name": "com.vyold"
        }
      },
      "oauth_client": [
        {
          "client_id": "126880253411-mf1vrq26q1kpemi1q4pd3emggra2cdve.apps.googleusercontent.com",
          "client_type": 1,
          "android_info": {
            "package_name": "com.vyold",
            "certificate_hash": "5e8f16062ea3cd2c4a0d547876baa6f38cabf625"
          }
        },
        {
          "client_id": "126880253411-lbmfr4r2mod2smuueliaq7f8d5hi72tr.apps.googleusercontent.com",
          "client_type": 3
        }
      ],
      "api_key": [
        {
          "current_key": "AIzaSyD0P2wFNLAJM_fGfO7NlGKwA9FqGMh7R8s"
        }
      ],
      "services": {
        "appinvite_service": {
          "other_platform_oauth_client": [
            {
              "client_id": "126880253411-lbmfr4r2mod2smuueliaq7f8d5hi72tr.apps.googleusercontent.com",
              "client_type": 3
            }
          ]
        }
      }
    }
  ],
  "configuration_version": "1"
}