{
  "changeYourPassword": "Change your password",
  "profile": "Profile",
  "dashboard": "Dashboard",
  "notification": "Notification",
  "cancel": "Cancel",
  "allowCameraPermissionToContinue": "Camera Permission is required.",
  "cameraPermissionSteps": "Go to Camera permissions in the settings and turn it on.",
  "storagePermissionIsRequired": "Storage Permission is required",
  "storagePermissionSteps": "Go to Storage permissions and turn it on.",
  "storagePermissionStepsIOS": "Go to settings and allow Photos permission",
  "allow": "Allow",
  "deny": "Deny",
  "locationServiceRequired": "Location service is required.",
  "appWantsToEnableLocation": "This app wants to enable your device location.",
  "locationPermissionIsRequired": "Location access is required.",
  "locationPermissionSteps": "Please allow location access to this app and make sure that location service is also turned on.",
  "calendarPermissionIsRequired": "Calendar access is required.",
  "calendarPermissionSteps": "Please allow calendar access to start syncing.",
  "takeMeThere": "Take me there",
  "selectFrom": "Select from",
  "camera": "Camera",
  "gallery": "Gallery",
  "Email": "Email",
  "Password": "Password",
  "Login": "Login",
  "InvalidEmailAddress": "Invalid email address",
  "Show": "Show",
  "Hide": "Hide",
  "SignUp": "Sign up",
  "ForgotPassword": "Forgot Password?",
  "Register": "Register",
  "CouldNotLogoutAtTheMoment": "Could not log you out at the moment.",
  "PasswordShouldAtLeastBeSixCharactersLong": "Password should be at least 6 characters long.",
  "EnterYourPassword": "Enter your password.",
  "EnterYourEmail": "Enter your email",
  "CouldNotLoginAtTheMoment": "Couldn't login at the moment.",
  "CouldNotRegisterAtTheMoment": "Couldn't register at the moment.",
  "SomethingWentWrongTryAgain": "Something went wrong. Try again.",
  "FirstName": "First Name",
  "LastName": "Last Name",
  "AlreadyHaveAnAccount": "Already have an account?",
  "BackToLogin": "Back to Login",
  "AConfirmationCodeIsSentToYourInbox": "A confirmation code is sent to your inbox.",
  "WrongEmailOrPassword": "Wrong email or password.",
  "AccountAlreadyExists": "Account already exists.",
  "AccountDoesNotExists": "Account does not exist.",
  "ConfirmationCode": "Confirmation Code",
  "InvalidCode": "Invalid code.",
  "EnterYourNewPassword": "Enter your new password",
  "ConfirmYourNewPassword": "Confirm your new password",
  "ConfirmPassword": "Confirm Password",
  "NewPassword": "New Password",
  "ResetPassword": "Reset Password",
  "PasswordResetWasSuccessful": "Password reset was successful.",
  "CouldNotChangePasswordAtTheMoment": "Couldn't change password at the moment.",
  "Reset": "Reset",
  "SyncYourCalendarWithSmartMirror": "Sync your calendar with your smart mirror.",
  "StartSyncing": "Start Syncing",
  "FeatureNotAvailable": "Feature not available",
  "ThisFeatureIsNotAvailableInYourDevice": "This feature is not available in your device.",
  "CalendarEvents": "Calendar Events",
  "linkMirror": "Open a link in Mirror",
  "enterLink": "Enter link",
  "openLink": "Open link",
  "ThisFieldIsRequired": "This field is required",
  "InvalidUrl": "Invalid URL",
  "LinkSent": "Link Sent",
  "EnterYourLink": "Enter your link",
  "Notes": "Notes",
  "LooksLikeItsEmpty": "Looks like its empty",
  "AllCaughtUpForToday": "All caught up for today.",
  "UploadAnImageOrVideo": "Upload an image or video.",
  "Uploading...": "Uploading...",
  "ImageUploadedSuccessfully": "Image uploaded successfully",
  "VideoUploadedSuccessfully": "Video uploaded successfully",
  "CannotPlayVideo": "Cannot play video.",
  "ImageDeleted": "Image deleted.",
  "UpdateNote": "Update note",
  "CreateNote": "Create note",
  "TypeSomething": "Type Something...",
  "Update": "Update",
  "Add": "Add",
  "Settings": "Settings",
  "Version": "Version",
  "EnterTheSyncCode": "Enter the sync code",
  "SyncCode": "Sync Code",
  "FontColor": "Font Color",
  "TimeZone": "TimeZone",
  "TimeFormat": "Time Format",
  "ClockFormat": "Clock Format",
  "DateFormat": "DateFormat",
  "Location": "Location",
  "Close": "Close",
  "Pacific": "Pacific",
  "Eastern": "Eastern",
  "AM/PM": "AM/PM",
  "24Hours": "24 hours",
  "Digital": "Digital",
  "Analog": "Analog",
  "TapTheCenterToSelectTheColor": "Tap the center to select the color.",
  "EnterYourCity": "Enter your city",
  "Link": "Link",
  "Profile": "Profile",
  "Image": "Image",
  "Calendar": "Calendar",
  "LogOut": "Log Out",
  "ChangePassword": "Change Password",
  "OldPassword": "Old password",
  "ConfirmNewPassword": "Confirm new password",
  "PasswordsDoNotMatch": "Passwords do not match",
  "ProfileUpdatedSuccessfully": "Profile updated successfully",
  "CouldNotUpdateYourProfileAtTheMoment": "Couldn't update your profile at the moment.",
  "LoginWithYourNewPassword": "Login with your new password",
  "Code": "Code",
  "CodeInvalidOrDoesNotExists": "Code invalid or does not exists.",
  "PleaseUpdateTheAppToContinue": "Please update the app to latest version to continue.",
  "ScanQRCode": "Scan QR code",
  "alignCodeInFrameToScan": "Align code in frame to scan",
  "invalidQRCodeDetected": "Invalid QR code detected",
  "SessionExpired": "Session expired.",
  "LoggingYouOut": "Logging you out.",
  "Setup": "Setup",
  "DeleteLink": "Delete link",
  "LinkDeleted": "Link deleted.",
  "ConnectionSteps": "Connection Steps",
  "Step": "Step",
  "IframeBlockedInfo": "The url you have entered has blocked embedding to iframe. Please use different url.",
  "ok": "ok",
  "IframeBlocked": "Iframe blocked",
  "LinkInvalidOrNotAvailable": "Link invalid or not available at the moment.",
  "EnterYourLocation": "Enter your location",
  "OK": "OK",
  "SyncCodeAlreadyExistsTryNew": "Sync code already exits. Try something new.",
  "AccountNotVerified": "Account not verified",
  "YouNeedToVerifyYourAccountToContinue": "You need to verify your account to continue.",
  "ResendLink": "Resend Link",
  "AVerificationLinkIsSentToYourInbox": "A verification link is sent to your inbox."
}
